{
  "('dyer', 619, 'rad')": {
    "visit_id": 619,
    "person_id": "dyer",
    "quantity": "rad",
    "reading": 9.82
  },
  "('dyer', 619, 'sal')": {
    "visit_id": 619,
    "person_id": "dyer",
    "quantity": "sal",
    "reading": 0.13
  },
  "('dyer', 622, 'rad')": {
    "visit_id": 622,
    "person_id": "dyer",
    "quantity": "rad",
    "reading": 7.8
  },
  "('dyer', 622, 'sal')": {
    "visit_id": 622,
    "person_id": "dyer",
    "quantity": "sal",
    "reading": 0.09
  },
  "('lake', 734, 'sal')": {
    "visit_id": 734,
    "person_id": "lake",
    "quantity": "sal",
    "reading": 0.05
  },
  "('lake', 752, 'rad')": {
    "visit_id": 752,
    "person_id": "lake",
    "quantity": "rad",
    "reading": 2.19
  },
  "('lake', 752, 'sal')": {
    "visit_id": 752,
    "person_id": "lake",
    "quantity": "sal",
    "reading": 0.09
  },
  "('lake', 752, 'temp')": {
    "visit_id": 752,
    "person_id": "lake",
    "quantity": "temp",
    "reading": -16.0
  },
  "('lake', 837, 'rad')": {
    "visit_id": 837,
    "person_id": "lake",
    "quantity": "rad",
    "reading": 1.46
  },
  "('lake', 837, 'sal')": {
    "visit_id": 837,
    "person_id": "lake",
    "quantity": "sal",
    "reading": 0.21
  },
  "('pb', 734, 'rad')": {
    "visit_id": 734,
    "person_id": "pb",
    "quantity": "rad",
    "reading": 8.41
  },
  "('pb', 734, 'temp')": {
    "visit_id": 734,
    "person_id": "pb",
    "quantity": "temp",
    "reading": -21.5
  },
  "('pb', 735, 'rad')": {
    "visit_id": 735,
    "person_id": "pb",
    "quantity": "rad",
    "reading": 7.22
  },
  "('pb', 735, 'sal')": {
    "visit_id": 735,
    "person_id": "pb",
    "quantity": "sal",
    "reading": 0.06
  },
  "('pb', 735, 'temp')": {
    "visit_id": 735,
    "person_id": "pb",
    "quantity": "temp",
    "reading": -26.0
  },
  "('pb', 751, 'rad')": {
    "visit_id": 751,
    "person_id": "pb",
    "quantity": "rad",
    "reading": 4.35
  },
  "('pb', 751, 'temp')": {
    "visit_id": 751,
    "person_id": "pb",
    "quantity": "temp",
    "reading": -18.5
  },
  "('roe', 752, 'sal')": {
    "visit_id": 752,
    "person_id": "roe",
    "quantity": "sal",
    "reading": 41.6
  },
  "('roe', 837, 'sal')": {
    "visit_id": 837,
    "person_id": "roe",
    "quantity": "sal",
    "reading": 22.5
  },
  "('roe', 844, 'rad')": {
    "visit_id": 844,
    "person_id": "roe",
    "quantity": "rad",
    "reading": 11.25
  }
}